"logger_id","station_name","tstamp","pyrgeometer_body_temperature_avg","pyrgeometer_body_temperature_max","pyrgeometer_body_temperature_min","pyrgeometer_body_temperature_stdev","pyrgeometer_body_temperature_count","dhi_solar_irradiance_avg","dhi_solar_irradiance_max","dhi_solar_irradiance_min","dhi_solar_irradiance_stdev","dhi_solar_irradiance_count","ghi_solar_irradiance_avg","ghi_solar_irradiance_max","ghi_solar_irradiance_min","ghi_solar_irradiance_stdev","ghi_solar_irradiance_count","eppley_tuvr_voltage_avg","eppley_tuvr_voltage_max","eppley_tuvr_voltage_min","eppley_tuvr_voltage_stdev","eppley_tuvr_voltage_count","dni_voltage_avg","dni_voltage_max","dni_voltage_min","dni_voltage_stdev","dni_voltage_count","pyrgeometer_voltage_avg","pyrgeometer_voltage_max","pyrgeometer_voltage_min","pyrgeometer_voltage_stdev","pyrgeometer_voltage_count","pyrgeometer_ein_solar_ir_avg","pyrgeometer_ein_solar_ir_max","pyrgeometer_ein_solar_ir_min","pyrgeometer_ein_solar_ir_stdev","pyrgeometer_ein_solar_ir_count","pyrgeometer_enet_solar_ir_avg","pyrgeometer_enet_solar_ir_max","pyrgeometer_enet_solar_ir_min","pyrgeometer_enet_solar_ir_stdev","pyrgeometer_enet_solar_ir_count","a1_avg","a1_max","a1_min","a1_stdev","a1_count","a2_avg","a2_max","a2_min","a2_stdev","a2_count","a3_avg","a3_max","a3_min","a3_stdev","a3_count","a4_avg","a4_max","a4_min","a4_stdev","a4_count","a5_avg","a5_max","a5_min","a5_stdev","a5_count","a6_avg","a6_max","a6_min","a6_stdev","a6_count","voltage_avg","voltage_max","voltage_min","current_avg","current_max","current_min","temp_avg","addr"
"D204045","Al Wakrah","2023-02-23 07:59:00+03",NULL,NULL,NULL,NULL,NULL,147.9141,148.4176,147.5021,0.2438,60,370.455,372.4235,368.4561,1.1328,60,NULL,NULL,NULL,NULL,NULL,525.5874,527.8008,524.1203,1.0275,60,NULL,NULL,NULL,NULL,NULL,NULL,NULL,NULL,NULL,NULL,NULL,NULL,NULL,NULL,NULL,0.5479,0.5484,0.5475,0.0002,60,0.7705,0.7724,0.7685,0.0011,60,0.921,0.9232,0.9195,0.001,60,NULL,NULL,NULL,NULL,NULL,NULL,NULL,NULL,NULL,NULL,NULL,NULL,NULL,NULL,NULL,28.78,28.86,28.66,29.0667,33,29,28,3845356
"D204045","Al Wakrah","2023-02-23 07:58:00+03",NULL,NULL,NULL,NULL,NULL,147.2528,147.8072,146.5865,0.2282,60,367.3269,368.7612,365.7094,0.8746,60,NULL,NULL,NULL,NULL,NULL,523.742,524.7337,522.5868,0.4999,60,NULL,NULL,NULL,NULL,NULL,NULL,NULL,NULL,NULL,NULL,NULL,NULL,NULL,NULL,NULL,0.5473,0.5478,0.5466,0.0002,60,0.7673,0.7688,0.7657,0.0009,60,0.9191,0.9201,0.918,0.0005,60,NULL,NULL,NULL,NULL,NULL,NULL,NULL,NULL,NULL,NULL,NULL,NULL,NULL,NULL,NULL,28.61,28.71,28.51,29.0667,33,29,28,3845352
"D204045","Al Wakrah","2023-02-23 07:57:00+03",NULL,NULL,NULL,NULL,NULL,146.3322,146.8917,145.9761,0.2585,60,363.9698,366.0146,362.3524,1.1172,60,NULL,NULL,NULL,NULL,NULL,521.8046,523.2002,520.7465,0.7329,60,NULL,NULL,NULL,NULL,NULL,NULL,NULL,NULL,NULL,NULL,NULL,NULL,NULL,NULL,NULL,0.5463,0.5469,0.546,0.0003,60,0.764,0.766,0.7624,0.0011,60,0.9172,0.9186,0.9162,0.0007,60,NULL,NULL,NULL,NULL,NULL,NULL,NULL,NULL,NULL,NULL,NULL,NULL,NULL,NULL,NULL,28.28,28.56,27.47,29.1333,33,29,28,3845348
"D204045","Al Wakrah","2023-02-23 07:56:00+03",NULL,NULL,NULL,NULL,NULL,145.5743,145.9761,145.0606,0.2544,60,360.2059,362.3524,358.385,1.1746,60,NULL,NULL,NULL,NULL,NULL,518.487,521.3599,508.478,1.92,60,NULL,NULL,NULL,NULL,NULL,NULL,NULL,NULL,NULL,NULL,NULL,NULL,NULL,NULL,NULL,0.5456,0.546,0.5451,0.0003,60,0.7602,0.7624,0.7584,0.0012,60,0.9139,0.9168,0.904,0.0019,60,NULL,NULL,NULL,NULL,NULL,NULL,NULL,NULL,NULL,NULL,NULL,NULL,NULL,NULL,NULL,28.35,28.41,27.82,29.1,33,29,28,3845344
"D204045","Al Wakrah","2023-02-23 07:55:00+03",NULL,NULL,NULL,NULL,NULL,144.791,145.3658,144.4502,0.239,60,355.9486,358.385,348.619,1.6202,60,NULL,NULL,NULL,NULL,NULL,514.8832,516.7592,512.772,1.0353,60,NULL,NULL,NULL,NULL,NULL,NULL,NULL,NULL,NULL,NULL,NULL,NULL,NULL,NULL,NULL,0.5448,0.5454,0.5445,0.0002,60,0.7559,0.7584,0.7486,0.0016,60,0.9103,0.9122,0.9082,0.001,60,NULL,NULL,NULL,NULL,NULL,NULL,NULL,NULL,NULL,NULL,NULL,NULL,NULL,NULL,NULL,28.18,28.26,28.06,29.0667,33,29,28,3845340
"D204045","Al Wakrah","2023-02-23 07:54:00+03",NULL,NULL,NULL,NULL,NULL,143.8195,144.4502,143.2295,0.3221,60,352.3169,354.1124,350.4501,1.0882,60,NULL,NULL,NULL,NULL,NULL,512.3375,513.6921,510.9317,0.8735,60,NULL,NULL,NULL,NULL,NULL,NULL,NULL,NULL,NULL,NULL,NULL,NULL,NULL,NULL,NULL,0.5438,0.5445,0.5432,0.0003,60,0.7523,0.7541,0.7505,0.0011,60,0.9078,0.9091,0.9064,0.0009,60,NULL,NULL,NULL,NULL,NULL,NULL,NULL,NULL,NULL,NULL,NULL,NULL,NULL,NULL,NULL,28.09,28.16,28.01,29.1333,33,29,28,3845336
"D204045","Al Wakrah","2023-02-23 07:53:00+03",NULL,NULL,NULL,NULL,NULL,142.8734,143.2295,142.3139,0.2523,60,348.5987,350.4501,346.1776,1.275,60,NULL,NULL,NULL,NULL,NULL,509.255,511.2384,507.2512,1.2275,60,NULL,NULL,NULL,NULL,NULL,NULL,NULL,NULL,NULL,NULL,NULL,NULL,NULL,NULL,NULL,0.5429,0.5432,0.5423,0.0003,60,0.7486,0.7505,0.7462,0.0013,60,0.9047,0.9067,0.9027,0.0012,60,NULL,NULL,NULL,NULL,NULL,NULL,NULL,NULL,NULL,NULL,NULL,NULL,NULL,NULL,NULL,27.97,28.01,27.86,29.1333,33,29,28,3845332
"D204045","Al Wakrah","2023-02-23 07:52:00+03",NULL,NULL,NULL,NULL,NULL,142.0342,142.6191,141.3984,0.2989,60,344.1837,346.1776,342.5153,1.0184,60,NULL,NULL,NULL,NULL,NULL,504.8026,506.9445,503.5707,0.8251,60,NULL,NULL,NULL,NULL,NULL,NULL,NULL,NULL,NULL,NULL,NULL,NULL,NULL,NULL,NULL,0.542,0.5426,0.5414,0.0003,60,0.7442,0.7462,0.7425,0.001,60,0.9003,0.9024,0.8991,0.0008,60,NULL,NULL,NULL,NULL,NULL,NULL,NULL,NULL,NULL,NULL,NULL,NULL,NULL,NULL,NULL,27.86,27.91,27.82,29.2,33,29,28,3845328
"D204045","Al Wakrah","2023-02-23 07:51:00+03",NULL,NULL,NULL,NULL,NULL,141.1949,141.7035,140.4828,0.2847,60,340.3943,342.5153,337.9376,1.4352,60,NULL,NULL,NULL,NULL,NULL,501.7611,504.4908,498.6633,1.5585,60,NULL,NULL,NULL,NULL,NULL,NULL,NULL,NULL,NULL,NULL,NULL,NULL,NULL,NULL,NULL,0.5412,0.5417,0.5405,0.0003,60,0.7404,0.7425,0.7379,0.0014,60,0.8973,0.9,0.8942,0.0016,60,NULL,NULL,NULL,NULL,NULL,NULL,NULL,NULL,NULL,NULL,NULL,NULL,NULL,NULL,NULL,27.77,27.82,27.71,29.3333,33,29,27.6,3845324
"D204045","Al Wakrah","2023-02-23 07:50:00+03",NULL,NULL,NULL,NULL,NULL,140.2285,140.788,139.8724,0.2039,60,336.1421,337.9376,334.5805,0.9879,60,NULL,NULL,NULL,NULL,NULL,497.8914,498.97,496.5163,0.7753,60,NULL,NULL,NULL,NULL,NULL,NULL,NULL,NULL,NULL,NULL,NULL,NULL,NULL,NULL,NULL,0.5402,0.5408,0.5399,0.0002,60,0.7361,0.7379,0.7346,0.001,60,0.8934,0.8945,0.8921,0.0008,60,NULL,NULL,NULL,NULL,NULL,NULL,NULL,NULL,NULL,NULL,NULL,NULL,NULL,NULL,NULL,27.7,27.77,27.66,29.2333,33,29,27,3845320
"D204045","Al Wakrah","2023-02-23 07:49:00+03",NULL,NULL,NULL,NULL,NULL,139.5876,140.1776,138.9569,0.2858,60,332.7291,334.5805,330.6131,1.0404,60,NULL,NULL,NULL,NULL,NULL,495.4326,496.823,493.7559,0.8212,60,NULL,NULL,NULL,NULL,NULL,NULL,NULL,NULL,NULL,NULL,NULL,NULL,NULL,NULL,NULL,0.5396,0.5402,0.539,0.0003,60,0.7327,0.7346,0.7306,0.001,60,0.891,0.8924,0.8893,0.0008,60,NULL,NULL,NULL,NULL,NULL,NULL,NULL,NULL,NULL,NULL,NULL,NULL,NULL,NULL,NULL,27.63,27.71,27.57,29.3,33,29,27,3845316
"D204045","Al Wakrah","2023-02-23 07:48:00+03",NULL,NULL,NULL,NULL,NULL,138.7839,139.2621,138.3465,0.2408,60,328.9855,330.9183,327.2561,1.0233,60,NULL,NULL,NULL,NULL,NULL,492.0077,494.0626,489.7687,1.0402,60,NULL,NULL,NULL,NULL,NULL,NULL,NULL,NULL,NULL,NULL,NULL,NULL,NULL,NULL,NULL,0.5388,0.5393,0.5383,0.0002,60,0.729,0.7309,0.7273,0.001,60,0.8876,0.8896,0.8853,0.001,60,NULL,NULL,NULL,NULL,NULL,NULL,NULL,NULL,NULL,NULL,NULL,NULL,NULL,NULL,NULL,27.57,27.66,27.52,29.8,33,29,27,3845312
"D204045","Al Wakrah","2023-02-23 07:47:00+03",NULL,NULL,NULL,NULL,NULL,138.0413,138.3465,137.7361,0.2248,60,325.3131,326.9509,323.5939,1.1153,60,NULL,NULL,NULL,NULL,NULL,488.5572,490.6888,486.3948,1.1426,60,NULL,NULL,NULL,NULL,NULL,NULL,NULL,NULL,NULL,NULL,NULL,NULL,NULL,NULL,NULL,0.538,0.5383,0.5377,0.0002,60,0.7253,0.727,0.7236,0.0011,60,0.8841,0.8863,0.882,0.0011,60,NULL,NULL,NULL,NULL,NULL,NULL,NULL,NULL,NULL,NULL,NULL,NULL,NULL,NULL,NULL,27.43,27.57,27.02,30.2,33,29,27,3845308
"D204045","Al Wakrah","2023-02-23 07:46:00+03",NULL,NULL,NULL,NULL,NULL,137.3343,138.0413,136.8206,0.3203,60,321.3813,323.2887,319.3213,1.1941,60,NULL,NULL,NULL,NULL,NULL,484.391,486.7016,482.1009,1.4666,60,NULL,NULL,NULL,NULL,NULL,NULL,NULL,NULL,NULL,NULL,NULL,NULL,NULL,NULL,NULL,0.5373,0.538,0.5368,0.0003,60,0.7214,0.7233,0.7193,0.0012,60,0.88,0.8823,0.8777,0.0015,60,NULL,NULL,NULL,NULL,NULL,NULL,NULL,NULL,NULL,NULL,NULL,NULL,NULL,NULL,NULL,27.47,27.52,27.42,30.1333,33,29,27,3845304
"D204045","Al Wakrah","2023-02-23 07:45:00+03",NULL,NULL,NULL,NULL,NULL,136.5815,137.1258,136.2102,0.27,60,317.48,319.6264,315.659,1.1542,60,NULL,NULL,NULL,NULL,NULL,480.3066,482.7143,478.1137,1.2472,60,NULL,NULL,NULL,NULL,NULL,NULL,NULL,NULL,NULL,NULL,NULL,NULL,NULL,NULL,NULL,0.5366,0.5371,0.5362,0.0003,60,0.7175,0.7196,0.7157,0.0012,60,0.8759,0.8783,0.8737,0.0012,60,NULL,NULL,NULL,NULL,NULL,NULL,NULL,NULL,NULL,NULL,NULL,NULL,NULL,NULL,NULL,27.42,27.47,27.37,30.3667,35,29,27,3845300
"D204045","Al Wakrah","2023-02-23 07:44:00+03",NULL,NULL,NULL,NULL,NULL,135.7982,136.5154,135.2947,0.2964,60,313.8178,315.9642,311.9968,1.1556,60,NULL,NULL,NULL,NULL,NULL,476.5852,479.3405,474.7398,1.2532,60,NULL,NULL,NULL,NULL,NULL,NULL,NULL,NULL,NULL,NULL,NULL,NULL,NULL,NULL,NULL,0.5358,0.5365,0.5353,0.0003,60,0.7138,0.716,0.712,0.0012,60,0.8722,0.875,0.8704,0.0012,60,NULL,NULL,NULL,NULL,NULL,NULL,NULL,NULL,NULL,NULL,NULL,NULL,NULL,NULL,NULL,27.37,27.42,27.32,30.1667,31,29,27,3845296
"D204045","Al Wakrah","2023-02-23 07:43:00+03",NULL,NULL,NULL,NULL,NULL,135.0709,135.5998,134.6843,0.2687,60,310.42,311.9968,308.6398,1.0869,60,NULL,NULL,NULL,NULL,NULL,473.4619,475.3533,471.366,1.1807,60,NULL,NULL,NULL,NULL,NULL,NULL,NULL,NULL,NULL,NULL,NULL,NULL,NULL,NULL,NULL,0.5351,0.5356,0.5347,0.0003,60,0.7104,0.712,0.7086,0.0011,60,0.8691,0.871,0.867,0.0012,60,NULL,NULL,NULL,NULL,NULL,NULL,NULL,NULL,NULL,NULL,NULL,NULL,NULL,NULL,NULL,27.32,27.37,27.27,30.3667,35,29,26.1,3845292
"D204045","Al Wakrah","2023-02-23 07:42:00+03",NULL,NULL,NULL,NULL,NULL,134.3994,134.6843,133.7687,0.2308,60,306.5442,308.3346,304.6724,1.1425,60,NULL,NULL,NULL,NULL,NULL,469.4797,471.366,467.9922,1.0501,60,NULL,NULL,NULL,NULL,NULL,NULL,NULL,NULL,NULL,NULL,NULL,NULL,NULL,NULL,NULL,0.5344,0.5347,0.5338,0.0002,60,0.7065,0.7083,0.7047,0.0011,60,0.8652,0.867,0.8637,0.001,60,NULL,NULL,NULL,NULL,NULL,NULL,NULL,NULL,NULL,NULL,NULL,NULL,NULL,NULL,NULL,27.29,27.32,27.27,30.5333,33,29,26,3845288
"D204045","Al Wakrah","2023-02-23 07:41:00+03",NULL,NULL,NULL,NULL,NULL,133.5856,134.0739,132.8532,0.3139,60,302.8464,304.6724,298.2635,1.3303,60,NULL,NULL,NULL,NULL,NULL,465.7941,467.9922,454.4969,2.1311,60,NULL,NULL,NULL,NULL,NULL,NULL,NULL,NULL,NULL,NULL,NULL,NULL,NULL,NULL,NULL,0.5336,0.5341,0.5329,0.0003,60,0.7028,0.7047,0.6983,0.0013,60,0.8615,0.8637,0.8502,0.0021,60,NULL,NULL,NULL,NULL,NULL,NULL,NULL,NULL,NULL,NULL,NULL,NULL,NULL,NULL,NULL,27.26,27.32,27.22,30.6,33,29,26,3845284
"D204045","Al Wakrah","2023-02-23 07:40:00+03",NULL,NULL,NULL,NULL,NULL,132.7362,133.1584,132.2428,0.2978,60,298.528,300.3998,296.7376,0.9707,60,NULL,NULL,NULL,NULL,NULL,460.7998,463.3915,459.711,0.906,60,NULL,NULL,NULL,NULL,NULL,NULL,NULL,NULL,NULL,NULL,NULL,NULL,NULL,NULL,NULL,0.5327,0.5332,0.5322,0.0003,60,0.6985,0.7004,0.6967,0.001,60,0.8565,0.8591,0.8554,0.0009,60,NULL,NULL,NULL,NULL,NULL,NULL,NULL,NULL,NULL,NULL,NULL,NULL,NULL,NULL,NULL,27.22,27.27,27.17,30.7667,33,29,26,3845280
"D204045","Al Wakrah","2023-02-23 07:39:00+03",NULL,NULL,NULL,NULL,NULL,131.9224,132.548,131.6324,0.272,60,294.9421,297.0428,292.7702,1.2,60,NULL,NULL,NULL,NULL,NULL,457.5947,460.6311,455.1103,1.4733,60,NULL,NULL,NULL,NULL,NULL,NULL,NULL,NULL,NULL,NULL,NULL,NULL,NULL,NULL,NULL,0.5319,0.5325,0.5316,0.0003,60,0.6949,0.697,0.6928,0.0012,60,0.8533,0.8563,0.8509,0.0015,60,NULL,NULL,NULL,NULL,NULL,NULL,NULL,NULL,NULL,NULL,NULL,NULL,NULL,NULL,NULL,27.18,27.22,27.12,30.7333,33,29,26,3845276
"D204045","Al Wakrah","2023-02-23 07:38:00+03",NULL,NULL,NULL,NULL,NULL,131.5612,131.6324,131.0221,0.1525,60,291.4477,293.0753,289.7183,0.9514,60,NULL,NULL,NULL,NULL,NULL,454.1237,455.7237,451.7365,0.9928,60,NULL,NULL,NULL,NULL,NULL,NULL,NULL,NULL,NULL,NULL,NULL,NULL,NULL,NULL,NULL,0.5316,0.5316,0.531,0.0002,60,0.6914,0.6931,0.6897,0.001,60,0.8499,0.8515,0.8475,0.001,60,NULL,NULL,NULL,NULL,NULL,NULL,NULL,NULL,NULL,NULL,NULL,NULL,NULL,NULL,NULL,27.12,27.17,27.07,30.6,33,29,26,3845272
"D204045","Al Wakrah","2023-02-23 07:37:00+03",NULL,NULL,NULL,NULL,NULL,130.6151,131.3272,130.1065,0.3539,60,287.2717,289.7183,285.1405,1.4165,60,NULL,NULL,NULL,NULL,NULL,448.8074,451.7365,446.2157,1.7317,60,NULL,NULL,NULL,NULL,NULL,NULL,NULL,NULL,NULL,NULL,NULL,NULL,NULL,NULL,NULL,0.5306,0.5313,0.5301,0.0004,60,0.6873,0.6897,0.6851,0.0014,60,0.8446,0.8475,0.842,0.0017,60,NULL,NULL,NULL,NULL,NULL,NULL,NULL,NULL,NULL,NULL,NULL,NULL,NULL,NULL,NULL,27,27.07,26.67,30.9667,35,29,26,3845268
"D204045","Al Wakrah","2023-02-23 07:36:00+03",NULL,NULL,NULL,NULL,NULL,129.5521,130.1065,128.5806,0.3575,60,283.3908,285.1405,281.4783,1.0821,60,NULL,NULL,NULL,NULL,NULL,444.4163,446.5224,441.9218,1.3116,60,NULL,NULL,NULL,NULL,NULL,NULL,NULL,NULL,NULL,NULL,NULL,NULL,NULL,NULL,NULL,0.5296,0.5301,0.5286,0.0004,60,0.6834,0.6851,0.6815,0.0011,60,0.8402,0.8423,0.8377,0.0013,60,NULL,NULL,NULL,NULL,NULL,NULL,NULL,NULL,NULL,NULL,NULL,NULL,NULL,NULL,NULL,26.99,27.02,26.97,30.6667,33,29,25.5,3845264
"D204045","Al Wakrah","2023-02-23 07:35:00+03",NULL,NULL,NULL,NULL,NULL,128.4382,129.191,127.9702,0.353,60,279.4641,281.4783,277.8161,1.0664,60,NULL,NULL,NULL,NULL,NULL,439.9844,441.9218,438.5479,0.9591,60,NULL,NULL,NULL,NULL,NULL,NULL,NULL,NULL,NULL,NULL,NULL,NULL,NULL,NULL,NULL,0.5284,0.5292,0.528,0.0004,60,0.6795,0.6815,0.6778,0.0011,60,0.8358,0.8377,0.8344,0.001,60,NULL,NULL,NULL,NULL,NULL,NULL,NULL,NULL,NULL,NULL,NULL,NULL,NULL,NULL,NULL,26.94,27.02,26.92,30.9333,33,29,25,3845260
"D204045","Al Wakrah","2023-02-23 07:34:00+03",NULL,NULL,NULL,NULL,NULL,127.2785,127.9702,126.7495,0.3019,60,275.8578,277.8161,274.1539,1.0606,60,NULL,NULL,NULL,NULL,NULL,437.1268,438.8546,435.4808,0.8748,60,NULL,NULL,NULL,NULL,NULL,NULL,NULL,NULL,NULL,NULL,NULL,NULL,NULL,NULL,NULL,0.5273,0.528,0.5267,0.0003,60,0.6759,0.6778,0.6742,0.0011,60,0.833,0.8347,0.8313,0.0009,60,NULL,NULL,NULL,NULL,NULL,NULL,NULL,NULL,NULL,NULL,NULL,NULL,NULL,NULL,NULL,26.91,26.97,26.87,30.9,35,29,25,3845256
"D204045","Al Wakrah","2023-02-23 07:33:00+03",NULL,NULL,NULL,NULL,NULL,126.3527,126.7495,125.8339,0.3385,60,272.277,274.1539,270.4916,1.1904,60,NULL,NULL,NULL,NULL,NULL,433.6866,436.4009,431.1869,1.3911,60,NULL,NULL,NULL,NULL,NULL,NULL,NULL,NULL,NULL,NULL,NULL,NULL,NULL,NULL,NULL,0.5264,0.5267,0.5258,0.0003,60,0.6723,0.6742,0.6705,0.0012,60,0.8295,0.8322,0.8271,0.0014,60,NULL,NULL,NULL,NULL,NULL,NULL,NULL,NULL,NULL,NULL,NULL,NULL,NULL,NULL,NULL,26.87,26.92,26.82,30.9333,35,29,25,3845253
"D204045","Al Wakrah","2023-02-23 07:32:00+03",NULL,NULL,NULL,NULL,NULL,125.4219,126.1391,124.9184,0.317,60,268.8437,270.4916,267.4398,0.8994,60,NULL,NULL,NULL,NULL,NULL,431.0642,432.4137,429.3466,0.9074,60,NULL,NULL,NULL,NULL,NULL,NULL,NULL,NULL,NULL,NULL,NULL,NULL,NULL,NULL,NULL,0.5254,0.5261,0.5249,0.0003,60,0.6688,0.6705,0.6674,0.0009,60,0.8269,0.8283,0.8252,0.0009,60,NULL,NULL,NULL,NULL,NULL,NULL,NULL,NULL,NULL,NULL,NULL,NULL,NULL,NULL,NULL,26.85,26.87,26.82,31,33,29,25,3845249
"D204045","Al Wakrah","2023-02-23 07:31:00+03",NULL,NULL,NULL,NULL,NULL,124.4758,124.9184,123.6976,0.3297,60,265.4815,267.4398,263.7776,1.0929,60,NULL,NULL,NULL,NULL,NULL,427.9766,429.6533,426.2795,0.9304,60,NULL,NULL,NULL,NULL,NULL,NULL,NULL,NULL,NULL,NULL,NULL,NULL,NULL,NULL,NULL,0.5245,0.5249,0.5237,0.0003,60,0.6655,0.6674,0.6638,0.0011,60,0.8239,0.8255,0.8222,0.0009,60,NULL,NULL,NULL,NULL,NULL,NULL,NULL,NULL,NULL,NULL,NULL,NULL,NULL,NULL,NULL,26.82,26.87,26.77,31.0333,35,29,25,3845245
"D204045","Al Wakrah","2023-02-23 07:30:00+03",NULL,NULL,NULL,NULL,NULL,123.4586,124.0028,122.7821,0.3232,60,261.9109,263.7776,259.8102,1.0316,60,NULL,NULL,NULL,NULL,NULL,424.8431,426.2795,422.2922,1.1087,60,NULL,NULL,NULL,NULL,NULL,NULL,NULL,NULL,NULL,NULL,NULL,NULL,NULL,NULL,NULL,0.5235,0.524,0.5228,0.0003,60,0.6619,0.6638,0.6598,0.001,60,0.8207,0.8222,0.8182,0.0011,60,NULL,NULL,NULL,NULL,NULL,NULL,NULL,NULL,NULL,NULL,NULL,NULL,NULL,NULL,NULL,26.79,26.82,26.77,31.1,35,31,25,3845241
"D204045","Al Wakrah","2023-02-23 07:29:00+03",NULL,NULL,NULL,NULL,NULL,122.2734,123.0872,121.5613,0.4192,60,257.9689,259.8102,256.4531,0.9909,60,NULL,NULL,NULL,NULL,NULL,420.6002,422.2922,419.5318,0.6121,60,NULL,NULL,NULL,NULL,NULL,NULL,NULL,NULL,NULL,NULL,NULL,NULL,NULL,NULL,NULL,0.5223,0.5231,0.5216,0.0004,60,0.658,0.6598,0.6565,0.001,60,0.8165,0.8182,0.8155,0.0006,60,NULL,NULL,NULL,NULL,NULL,NULL,NULL,NULL,NULL,NULL,NULL,NULL,NULL,NULL,NULL,26.77,26.82,26.72,30.9,35,29,25,3845237
"D204045","Al Wakrah","2023-02-23 07:28:00+03",NULL,NULL,NULL,NULL,NULL,121.1798,121.5613,120.6458,0.2899,60,254.5508,256.4531,252.4857,1.1818,60,NULL,NULL,NULL,NULL,NULL,417.3184,419.5318,414.9312,1.3577,60,NULL,NULL,NULL,NULL,NULL,NULL,NULL,NULL,NULL,NULL,NULL,NULL,NULL,NULL,NULL,0.5212,0.5216,0.5206,0.0003,60,0.6546,0.6565,0.6525,0.0012,60,0.8133,0.8155,0.8109,0.0014,60,NULL,NULL,NULL,NULL,NULL,NULL,NULL,NULL,NULL,NULL,NULL,NULL,NULL,NULL,NULL,26.74,26.77,26.72,30.9667,33,29,25,3845233
"D204045","Al Wakrah","2023-02-23 07:27:00+03",NULL,NULL,NULL,NULL,NULL,120.0557,120.6458,119.425,0.3679,60,250.3494,252.4857,248.5183,1.0361,60,NULL,NULL,NULL,NULL,NULL,411.8896,414.9312,410.3305,1.127,60,NULL,NULL,NULL,NULL,NULL,NULL,NULL,NULL,NULL,NULL,NULL,NULL,NULL,NULL,NULL,0.5201,0.5206,0.5194,0.0004,60,0.6503,0.6525,0.6485,0.001,60,0.8079,0.8109,0.8063,0.0011,60,NULL,NULL,NULL,NULL,NULL,NULL,NULL,NULL,NULL,NULL,NULL,NULL,NULL,NULL,NULL,26.7,26.77,26.52,31.1667,35,31,24.1,3845229
"D204045","Al Wakrah","2023-02-23 07:26:00+03",NULL,NULL,NULL,NULL,NULL,118.8401,119.7302,118.2043,0.4063,60,246.5601,248.8235,244.5509,1.1506,60,NULL,NULL,NULL,NULL,NULL,407.7797,410.3305,405.1164,1.3711,60,NULL,NULL,NULL,NULL,NULL,NULL,NULL,NULL,NULL,NULL,NULL,NULL,NULL,NULL,NULL,0.5188,0.5197,0.5182,0.0004,60,0.6466,0.6488,0.6446,0.0012,60,0.8038,0.8063,0.8011,0.0014,60,NULL,NULL,NULL,NULL,NULL,NULL,NULL,NULL,NULL,NULL,NULL,NULL,NULL,NULL,NULL,26.7,26.72,26.67,31.0333,35,29,24,3845225
"D204045","Al Wakrah","2023-02-23 07:25:00+03",NULL,NULL,NULL,NULL,NULL,117.8737,118.5095,117.2887,0.3431,60,243.1369,244.5509,241.4991,1.0436,60,NULL,NULL,NULL,NULL,NULL,404.6717,406.3433,402.6627,1.1029,60,NULL,NULL,NULL,NULL,NULL,NULL,NULL,NULL,NULL,NULL,NULL,NULL,NULL,NULL,NULL,0.5179,0.5185,0.5173,0.0003,60,0.6431,0.6446,0.6415,0.001,60,0.8007,0.8023,0.7987,0.0011,60,NULL,NULL,NULL,NULL,NULL,NULL,NULL,NULL,NULL,NULL,NULL,NULL,NULL,NULL,NULL,26.68,26.72,26.67,31,35,29,24,3845221
"D204045","Al Wakrah","2023-02-23 07:24:00+03",NULL,NULL,NULL,NULL,NULL,116.8513,117.2887,116.3732,0.3045,60,239.612,241.4991,237.5317,1.1522,60,NULL,NULL,NULL,NULL,NULL,400.8531,403.2762,396.8352,2.0154,60,NULL,NULL,NULL,NULL,NULL,NULL,NULL,NULL,NULL,NULL,NULL,NULL,NULL,NULL,NULL,0.5169,0.5173,0.5164,0.0003,60,0.6396,0.6415,0.6375,0.0012,60,0.7969,0.7993,0.7929,0.002,60,NULL,NULL,NULL,NULL,NULL,NULL,NULL,NULL,NULL,NULL,NULL,NULL,NULL,NULL,NULL,26.65,26.67,26.62,31.0333,35,29,24,3845217
"D204045","Al Wakrah","2023-02-23 07:23:00+03",NULL,NULL,NULL,NULL,NULL,115.8442,116.3732,115.4576,0.2966,60,235.431,237.5317,233.2591,1.1907,60,NULL,NULL,NULL,NULL,NULL,394.2793,396.8352,391.6211,1.6441,60,NULL,NULL,NULL,NULL,NULL,NULL,NULL,NULL,NULL,NULL,NULL,NULL,NULL,NULL,NULL,0.5158,0.5164,0.5155,0.0003,60,0.6354,0.6375,0.6333,0.0012,60,0.7903,0.7929,0.7877,0.0016,60,NULL,NULL,NULL,NULL,NULL,NULL,NULL,NULL,NULL,NULL,NULL,NULL,NULL,NULL,NULL,26.62,26.67,26.57,31.0333,33,31,24,3845213
"D204045","Al Wakrah","2023-02-23 07:22:00+03",NULL,NULL,NULL,NULL,NULL,114.6997,115.4576,114.2369,0.3103,60,231.5348,233.5643,229.5968,1.1277,60,NULL,NULL,NULL,NULL,NULL,389.4742,391.9278,386.1003,1.8062,60,NULL,NULL,NULL,NULL,NULL,NULL,NULL,NULL,NULL,NULL,NULL,NULL,NULL,NULL,NULL,0.5147,0.5155,0.5142,0.0003,60,0.6315,0.6336,0.6296,0.0011,60,0.7855,0.788,0.7822,0.0018,60,NULL,NULL,NULL,NULL,NULL,NULL,NULL,NULL,NULL,NULL,NULL,NULL,NULL,NULL,NULL,26.6,26.62,26.57,31.0667,35,31,24,3845209
"D204045","Al Wakrah","2023-02-23 07:21:00+03",NULL,NULL,NULL,NULL,NULL,114.0182,114.5421,113.3213,0.3082,60,227.7963,229.5968,225.9346,1.1387,60,NULL,NULL,NULL,NULL,NULL,382.9719,386.7138,380.2728,1.7302,60,NULL,NULL,NULL,NULL,NULL,NULL,NULL,NULL,NULL,NULL,NULL,NULL,NULL,NULL,NULL,0.514,0.5145,0.5133,0.0003,60,0.6278,0.6296,0.6259,0.0011,60,0.7791,0.7828,0.7764,0.0017,60,NULL,NULL,NULL,NULL,NULL,NULL,NULL,NULL,NULL,NULL,NULL,NULL,NULL,NULL,NULL,26.57,26.62,26.52,31.0333,35,29,24,3845205
"D204045","Al Wakrah","2023-02-23 07:20:00+03",NULL,NULL,NULL,NULL,NULL,112.9348,113.6265,112.4058,0.2912,60,223.8085,225.9346,221.662,1.2564,60,NULL,NULL,NULL,NULL,NULL,377.9981,380.2728,375.0587,1.4965,60,NULL,NULL,NULL,NULL,NULL,NULL,NULL,NULL,NULL,NULL,NULL,NULL,NULL,NULL,NULL,0.5129,0.5136,0.5124,0.0003,60,0.6238,0.6259,0.6217,0.0013,60,0.7741,0.7764,0.7712,0.0015,60,NULL,NULL,NULL,NULL,NULL,NULL,NULL,NULL,NULL,NULL,NULL,NULL,NULL,NULL,NULL,26.55,26.57,26.52,31.0667,35,31,23.5,3845201
"D204045","Al Wakrah","2023-02-23 07:19:00+03",NULL,NULL,NULL,NULL,NULL,111.887,112.711,111.4902,0.3522,60,219.7394,221.662,218.6102,0.9507,60,NULL,NULL,NULL,NULL,NULL,372.6664,375.3655,371.3782,1.1976,60,NULL,NULL,NULL,NULL,NULL,NULL,NULL,NULL,NULL,NULL,NULL,NULL,NULL,NULL,NULL,0.5119,0.5127,0.5115,0.0004,60,0.6197,0.6217,0.6186,0.001,60,0.7688,0.7715,0.7675,0.0012,60,NULL,NULL,NULL,NULL,NULL,NULL,NULL,NULL,NULL,NULL,NULL,NULL,NULL,NULL,NULL,26.52,26.57,26.47,31.0667,35,31,23,3845197
"D204045","Al Wakrah","2023-02-23 07:18:00+03",NULL,NULL,NULL,NULL,NULL,110.8748,111.4902,110.2695,0.3575,60,216.5807,218.6102,214.948,1.0718,60,NULL,NULL,NULL,NULL,NULL,369.7373,372.6051,367.6977,1.2949,60,NULL,NULL,NULL,NULL,NULL,NULL,NULL,NULL,NULL,NULL,NULL,NULL,NULL,NULL,NULL,0.5109,0.5115,0.5103,0.0004,60,0.6166,0.6186,0.6149,0.0011,60,0.7659,0.7688,0.7639,0.0013,60,NULL,NULL,NULL,NULL,NULL,NULL,NULL,NULL,NULL,NULL,NULL,NULL,NULL,NULL,NULL,26.5,26.52,26.47,31.0333,35,29,23,3845193
"D204045","Al Wakrah","2023-02-23 07:17:00+03",NULL,NULL,NULL,NULL,NULL,109.771,110.2695,109.0487,0.3726,60,213.1626,214.948,211.2857,1.0266,60,NULL,NULL,NULL,NULL,NULL,366.3584,368.3111,364.3239,1.0579,60,NULL,NULL,NULL,NULL,NULL,NULL,NULL,NULL,NULL,NULL,NULL,NULL,NULL,NULL,NULL,0.5098,0.5103,0.509,0.0004,60,0.6132,0.6149,0.6113,0.001,60,0.7625,0.7645,0.7605,0.0011,60,NULL,NULL,NULL,NULL,NULL,NULL,NULL,NULL,NULL,NULL,NULL,NULL,NULL,NULL,NULL,26.36,26.52,26.07,31.1,35,31,23,3845189
"D204045","Al Wakrah","2023-02-23 07:16:00+03",NULL,NULL,NULL,NULL,NULL,108.4282,109.3539,107.828,0.4351,60,209.2054,211.2857,207.6235,1.1287,60,NULL,NULL,NULL,NULL,NULL,361.7935,364.3239,358.8031,1.5978,60,NULL,NULL,NULL,NULL,NULL,NULL,NULL,NULL,NULL,NULL,NULL,NULL,NULL,NULL,NULL,0.5084,0.5094,0.5078,0.0004,60,0.6092,0.6113,0.6076,0.0011,60,0.758,0.7605,0.755,0.0016,60,NULL,NULL,NULL,NULL,NULL,NULL,NULL,NULL,NULL,NULL,NULL,NULL,NULL,NULL,NULL,26.44,26.52,26.37,31.0667,35,31,23,3845185
"D204045","Al Wakrah","2023-02-23 07:15:00+03",NULL,NULL,NULL,NULL,NULL,107.2329,108.1332,106.6073,0.4068,60,205.3753,207.6235,203.3509,1.2899,60,NULL,NULL,NULL,NULL,NULL,355.3781,359.1098,352.0554,2.0971,60,NULL,NULL,NULL,NULL,NULL,NULL,NULL,NULL,NULL,NULL,NULL,NULL,NULL,NULL,NULL,0.5072,0.5081,0.5066,0.0004,60,0.6054,0.6076,0.6034,0.0013,60,0.7516,0.7553,0.7483,0.0021,60,NULL,NULL,NULL,NULL,NULL,NULL,NULL,NULL,NULL,NULL,NULL,NULL,NULL,NULL,NULL,26.29,26.37,26.22,31.0667,35,31,23,3845181
"D204045","Al Wakrah","2023-02-23 07:14:00+03",NULL,NULL,NULL,NULL,NULL,105.9308,106.6073,105.3865,0.3977,60,201.0315,203.0458,199.0783,1.1099,60,NULL,NULL,NULL,NULL,NULL,349.1775,352.0554,347.7615,1.1725,60,NULL,NULL,NULL,NULL,NULL,NULL,NULL,NULL,NULL,NULL,NULL,NULL,NULL,NULL,NULL,0.5059,0.5066,0.5054,0.0004,60,0.601,0.603,0.5991,0.0011,60,0.7455,0.7483,0.744,0.0012,60,NULL,NULL,NULL,NULL,NULL,NULL,NULL,NULL,NULL,NULL,NULL,NULL,NULL,NULL,NULL,26.11,26.22,26.02,31.0667,35,31,23,3845177
"D204045","Al Wakrah","2023-02-23 07:13:00+03",NULL,NULL,NULL,NULL,NULL,104.7965,105.3865,103.8606,0.42,60,197.8169,199.3835,196.3317,0.819,60,NULL,NULL,NULL,NULL,NULL,346.3404,347.4548,345.6145,0.4922,60,NULL,NULL,NULL,NULL,NULL,NULL,NULL,NULL,NULL,NULL,NULL,NULL,NULL,NULL,NULL,0.5048,0.5054,0.5039,0.0004,60,0.5978,0.5994,0.5963,0.0008,60,0.7426,0.7437,0.7419,0.0005,60,NULL,NULL,NULL,NULL,NULL,NULL,NULL,NULL,NULL,NULL,NULL,NULL,NULL,NULL,NULL,25.97,26.07,25.92,31.1,35,31,23,3845173
"D204045","Al Wakrah","2023-02-23 07:12:00+03",NULL,NULL,NULL,NULL,NULL,103.4028,103.8606,102.6398,0.3663,60,194.2869,196.0265,192.3643,1.09,60,NULL,NULL,NULL,NULL,NULL,343.3908,345.6145,340.4004,1.4415,60,NULL,NULL,NULL,NULL,NULL,NULL,NULL,NULL,NULL,NULL,NULL,NULL,NULL,NULL,NULL,0.5034,0.5039,0.5026,0.0004,60,0.5943,0.596,0.5924,0.0011,60,0.7397,0.7419,0.7367,0.0014,60,NULL,NULL,NULL,NULL,NULL,NULL,NULL,NULL,NULL,NULL,NULL,NULL,NULL,NULL,NULL,25.88,25.97,25.82,31.0667,35,31,23,3845169
"D204045","Al Wakrah","2023-02-23 07:11:00+03",NULL,NULL,NULL,NULL,NULL,101.9939,102.945,101.1139,0.4356,60,189.8109,192.3643,187.7865,1.2564,60,NULL,NULL,NULL,NULL,NULL,336.8272,340.7071,333.9595,1.764,60,NULL,NULL,NULL,NULL,NULL,NULL,NULL,NULL,NULL,NULL,NULL,NULL,NULL,NULL,NULL,0.502,0.5029,0.5011,0.0004,60,0.5898,0.5924,0.5878,0.0013,60,0.7332,0.737,0.7303,0.0018,60,NULL,NULL,NULL,NULL,NULL,NULL,NULL,NULL,NULL,NULL,NULL,NULL,NULL,NULL,NULL,25.8,25.87,25.72,31.0667,35,31,22.1,3845165
"D204045","Al Wakrah","2023-02-23 07:10:00+03",NULL,NULL,NULL,NULL,NULL,100.9461,101.4191,100.5036,0.2346,60,186.1741,188.0917,184.7346,0.9669,60,NULL,NULL,NULL,NULL,NULL,332.0119,333.9595,329.0521,1.1748,60,NULL,NULL,NULL,NULL,NULL,NULL,NULL,NULL,NULL,NULL,NULL,NULL,NULL,NULL,NULL,0.5009,0.5014,0.5005,0.0002,60,0.5862,0.5881,0.5847,0.001,60,0.7284,0.7303,0.7254,0.0012,60,NULL,NULL,NULL,NULL,NULL,NULL,NULL,NULL,NULL,NULL,NULL,NULL,NULL,NULL,NULL,25.74,25.77,25.67,31.1,35,31,22,3845161
"D204045","Al Wakrah","2023-02-23 07:09:00+03",NULL,NULL,NULL,NULL,NULL,100.0661,100.8087,99.588,0.3614,60,183.0154,184.7346,181.0724,0.9988,60,NULL,NULL,NULL,NULL,NULL,327.9735,330.5857,325.3716,1.641,60,NULL,NULL,NULL,NULL,NULL,NULL,NULL,NULL,NULL,NULL,NULL,NULL,NULL,NULL,NULL,0.5001,0.5008,0.4996,0.0004,60,0.583,0.5847,0.5811,0.001,60,0.7244,0.727,0.7218,0.0016,60,NULL,NULL,NULL,NULL,NULL,NULL,NULL,NULL,NULL,NULL,NULL,NULL,NULL,NULL,NULL,25.68,25.72,25.62,31.0667,35,31,22,3845157
"D204045","Al Wakrah","2023-02-23 07:08:00+03",NULL,NULL,NULL,NULL,NULL,98.8047,99.588,98.0621,0.37,60,179.2413,181.3776,177.4102,1.1773,60,NULL,NULL,NULL,NULL,NULL,322.8514,325.3716,320.4642,1.4552,60,NULL,NULL,NULL,NULL,NULL,NULL,NULL,NULL,NULL,NULL,NULL,NULL,NULL,NULL,NULL,0.4988,0.4996,0.4981,0.0004,60,0.5792,0.5814,0.5774,0.0012,60,0.7193,0.7218,0.7169,0.0014,60,NULL,NULL,NULL,NULL,NULL,NULL,NULL,NULL,NULL,NULL,NULL,NULL,NULL,NULL,NULL,25.61,25.67,25.57,31.0667,35,31,22,3845153
"D204045","Al Wakrah","2023-02-23 07:07:00+03",NULL,NULL,NULL,NULL,NULL,97.4873,98.3673,96.5361,0.4804,60,175.4519,177.105,173.4428,1.1072,60,NULL,NULL,NULL,NULL,NULL,318.4143,320.4642,316.1702,1.2118,60,NULL,NULL,NULL,NULL,NULL,NULL,NULL,NULL,NULL,NULL,NULL,NULL,NULL,NULL,NULL,0.4975,0.4984,0.4965,0.0005,60,0.5755,0.5771,0.5734,0.0011,60,0.7148,0.7169,0.7126,0.0012,60,NULL,NULL,NULL,NULL,NULL,NULL,NULL,NULL,NULL,NULL,NULL,NULL,NULL,NULL,NULL,25.43,25.57,25.17,31.1667,35,31,22,3845149
"D204045","Al Wakrah","2023-02-23 07:06:00+03",NULL,NULL,NULL,NULL,NULL,95.9716,96.8413,95.3154,0.4084,60,171.8507,173.4428,170.0858,0.9521,60,NULL,NULL,NULL,NULL,NULL,314.5907,316.4769,312.4897,0.9547,60,NULL,NULL,NULL,NULL,NULL,NULL,NULL,NULL,NULL,NULL,NULL,NULL,NULL,NULL,NULL,0.496,0.4968,0.4953,0.0004,60,0.5719,0.5734,0.5701,0.001,60,0.711,0.7129,0.7089,0.0009,60,NULL,NULL,NULL,NULL,NULL,NULL,NULL,NULL,NULL,NULL,NULL,NULL,NULL,NULL,NULL,25.44,25.52,25.37,31.1,35,31,22,3845145
"D204045","Al Wakrah","2023-02-23 07:05:00+03",NULL,NULL,NULL,NULL,NULL,94.7254,95.3154,94.0947,0.4124,60,167.8732,170.0858,165.8132,1.2331,60,NULL,NULL,NULL,NULL,NULL,308.5536,312.4897,304.5152,2.3353,60,NULL,NULL,NULL,NULL,NULL,NULL,NULL,NULL,NULL,NULL,NULL,NULL,NULL,NULL,NULL,0.4947,0.4953,0.4941,0.0004,60,0.5679,0.5701,0.5658,0.0012,60,0.705,0.7089,0.701,0.0023,60,NULL,NULL,NULL,NULL,NULL,NULL,NULL,NULL,NULL,NULL,NULL,NULL,NULL,NULL,NULL,25.3,25.37,25.22,31.1667,35,31,22,3845141
"D204045","Al Wakrah","2023-02-23 07:04:00+03",NULL,NULL,NULL,NULL,NULL,93.525,94.0947,92.8739,0.3618,60,163.8956,165.8132,161.8458,1.1639,60,NULL,NULL,NULL,NULL,NULL,301.3408,304.2085,298.6877,1.7802,60,NULL,NULL,NULL,NULL,NULL,NULL,NULL,NULL,NULL,NULL,NULL,NULL,NULL,NULL,NULL,0.4935,0.4941,0.4929,0.0004,60,0.5639,0.5658,0.5618,0.0012,60,0.6979,0.7007,0.6952,0.0018,60,NULL,NULL,NULL,NULL,NULL,NULL,NULL,NULL,NULL,NULL,NULL,NULL,NULL,NULL,NULL,25.13,25.22,25.02,31.2667,35,31,22,3845137
"D204045","Al Wakrah","2023-02-23 07:03:00+03",NULL,NULL,NULL,NULL,NULL,92.4416,92.8739,91.6532,0.3611,60,160.6861,161.8458,159.0991,0.8827,60,NULL,NULL,NULL,NULL,NULL,297.9363,298.9944,295.6206,0.8683,60,NULL,NULL,NULL,NULL,NULL,NULL,NULL,NULL,NULL,NULL,NULL,NULL,NULL,NULL,NULL,0.4924,0.4929,0.4917,0.0004,60,0.5607,0.5618,0.5591,0.0009,60,0.6945,0.6955,0.6922,0.0009,60,NULL,NULL,NULL,NULL,NULL,NULL,NULL,NULL,NULL,NULL,NULL,NULL,NULL,NULL,NULL,24.96,25.07,24.87,31.3667,35,31,22,3845133
"D204045","Al Wakrah","2023-02-23 07:02:00+03",NULL,NULL,NULL,NULL,NULL,91.2005,91.9584,90.4324,0.4334,60,157.0187,158.7939,155.1317,1.0564,60,NULL,NULL,NULL,NULL,NULL,293.1362,295.6206,291.3266,1.2749,60,NULL,NULL,NULL,NULL,NULL,NULL,NULL,NULL,NULL,NULL,NULL,NULL,NULL,NULL,NULL,0.4912,0.492,0.4904,0.0004,60,0.557,0.5588,0.5551,0.0011,60,0.6897,0.6922,0.6879,0.0013,60,NULL,NULL,NULL,NULL,NULL,NULL,NULL,NULL,NULL,NULL,NULL,NULL,NULL,NULL,NULL,24.82,24.92,24.72,32.1667,35,31,21.7,3845130
"D204045","Al Wakrah","2023-02-23 07:01:00+03",NULL,NULL,NULL,NULL,NULL,89.5169,90.4324,88.6013,0.5211,60,153.4074,155.1317,151.1643,1.241,60,NULL,NULL,NULL,NULL,NULL,289.5017,292.5535,286.726,1.6283,60,NULL,NULL,NULL,NULL,NULL,NULL,NULL,NULL,NULL,NULL,NULL,NULL,NULL,NULL,NULL,0.4895,0.4904,0.4886,0.0005,60,0.5534,0.5551,0.5512,0.0012,60,0.6861,0.6891,0.6833,0.0016,60,NULL,NULL,NULL,NULL,NULL,NULL,NULL,NULL,NULL,NULL,NULL,NULL,NULL,NULL,NULL,24.71,24.77,24.62,32.5,35,31,21,3845126
"D204045","Al Wakrah","2023-02-23 07:00:00+03",NULL,NULL,NULL,NULL,NULL,88.1232,88.9065,87.3806,0.4219,60,149.2976,151.1643,146.8917,1.2465,60,NULL,NULL,NULL,NULL,NULL,283.0761,286.726,277.8314,2.5864,60,NULL,NULL,NULL,NULL,NULL,NULL,NULL,NULL,NULL,NULL,NULL,NULL,NULL,NULL,NULL,0.4881,0.4889,0.4874,0.0004,60,0.5493,0.5512,0.5469,0.0012,60,0.6797,0.6833,0.6745,0.0026,60,NULL,NULL,NULL,NULL,NULL,NULL,NULL,NULL,NULL,NULL,NULL,NULL,NULL,NULL,NULL,24.6,24.67,24.52,32.6667,37,31,21,3845122
"D204045","Al Wakrah","2023-02-23 06:59:00+03",NULL,NULL,NULL,NULL,NULL,86.7601,87.3806,85.8547,0.4529,60,144.8978,146.8917,143.2295,1.1032,60,NULL,NULL,NULL,NULL,NULL,274.8,278.1381,272.6173,1.5507,60,NULL,NULL,NULL,NULL,NULL,NULL,NULL,NULL,NULL,NULL,NULL,NULL,NULL,NULL,NULL,0.4868,0.4874,0.4859,0.0005,60,0.5449,0.5469,0.5432,0.0011,60,0.6714,0.6748,0.6693,0.0015,60,NULL,NULL,NULL,NULL,NULL,NULL,NULL,NULL,NULL,NULL,NULL,NULL,NULL,NULL,NULL,24.44,24.52,24.32,32.8667,37,31,21,3845118
"D204045","Al Wakrah","2023-02-23 06:58:00+03",NULL,NULL,NULL,NULL,NULL,85.3664,86.1599,84.6339,0.4873,60,141.3577,143.2295,139.2621,1.1425,60,NULL,NULL,NULL,NULL,NULL,270.276,272.6173,267.7099,1.618,60,NULL,NULL,NULL,NULL,NULL,NULL,NULL,NULL,NULL,NULL,NULL,NULL,NULL,NULL,NULL,0.4854,0.4862,0.4846,0.0005,60,0.5414,0.5432,0.5393,0.0011,60,0.6669,0.6693,0.6644,0.0016,60,NULL,NULL,NULL,NULL,NULL,NULL,NULL,NULL,NULL,NULL,NULL,NULL,NULL,NULL,NULL,24.26,24.38,24.18,32.9,37,31,21,3845114
"D204045","Al Wakrah","2023-02-23 06:57:00+03",NULL,NULL,NULL,NULL,NULL,83.8303,84.6339,83.108,0.4564,60,137.2834,139.2621,134.9895,1.1833,60,NULL,NULL,NULL,NULL,NULL,263.7789,267.7099,260.6555,1.9598,60,NULL,NULL,NULL,NULL,NULL,NULL,NULL,NULL,NULL,NULL,NULL,NULL,NULL,NULL,NULL,0.4838,0.4846,0.4831,0.0005,60,0.5373,0.5393,0.535,0.0012,60,0.6605,0.6644,0.6574,0.002,60,NULL,NULL,NULL,NULL,NULL,NULL,NULL,NULL,NULL,NULL,NULL,NULL,NULL,NULL,NULL,24.1,24.18,24.03,33.0333,37,31,21,3845110
"D204045","Al Wakrah","2023-02-23 06:56:00+03",NULL,NULL,NULL,NULL,NULL,82.345,83.108,81.5821,0.4261,60,133.3008,134.9895,131.6324,1.1398,60,NULL,NULL,NULL,NULL,NULL,257.0057,260.6555,253.2945,2.0991,60,NULL,NULL,NULL,NULL,NULL,NULL,NULL,NULL,NULL,NULL,NULL,NULL,NULL,NULL,NULL,0.4823,0.4831,0.4816,0.0004,60,0.5333,0.535,0.5316,0.0011,60,0.6537,0.6574,0.65,0.0021,60,NULL,NULL,NULL,NULL,NULL,NULL,NULL,NULL,NULL,NULL,NULL,NULL,NULL,NULL,NULL,24.04,24.08,23.98,33.1,37,31,21,3845106
"D204045","Al Wakrah","2023-02-23 06:55:00+03",NULL,NULL,NULL,NULL,NULL,81.0887,81.8873,80.0561,0.4901,60,129.4249,131.6324,127.3598,1.3313,60,NULL,NULL,NULL,NULL,NULL,247.5896,253.2945,243.173,3.1208,60,NULL,NULL,NULL,NULL,NULL,NULL,NULL,NULL,NULL,NULL,NULL,NULL,NULL,NULL,NULL,0.4811,0.4819,0.4801,0.0005,60,0.5294,0.5316,0.5274,0.0013,60,0.6444,0.65,0.64,0.0031,60,NULL,NULL,NULL,NULL,NULL,NULL,NULL,NULL,NULL,NULL,NULL,NULL,NULL,NULL,NULL,23.97,24.03,23.93,33.0667,37,33,21,3845102
"D204045","Al Wakrah","2023-02-23 06:54:00+03",NULL,NULL,NULL,NULL,NULL,79.4814,80.3613,78.5302,0.4837,60,125.2083,127.0547,123.0872,1.1912,60,NULL,NULL,NULL,NULL,NULL,239.5538,242.8663,235.1985,2.0847,60,NULL,NULL,NULL,NULL,NULL,NULL,NULL,NULL,NULL,NULL,NULL,NULL,NULL,NULL,NULL,0.4795,0.4804,0.4785,0.0005,60,0.5252,0.5271,0.5231,0.0012,60,0.6364,0.6397,0.632,0.0021,60,NULL,NULL,NULL,NULL,NULL,NULL,NULL,NULL,NULL,NULL,NULL,NULL,NULL,NULL,NULL,23.91,23.93,23.88,33.2333,37,33,21,3845098
"D204045","Al Wakrah","2023-02-23 06:53:00+03",NULL,NULL,NULL,NULL,NULL,77.8436,78.5302,77.0043,0.4411,60,121.012,123.0872,119.1199,1.173,60,NULL,NULL,NULL,NULL,NULL,230.8381,235.5052,226.9173,2.5631,60,NULL,NULL,NULL,NULL,NULL,NULL,NULL,NULL,NULL,NULL,NULL,NULL,NULL,NULL,NULL,0.4778,0.4785,0.477,0.0004,60,0.521,0.5231,0.5191,0.0012,60,0.6277,0.6323,0.6238,0.0026,60,NULL,NULL,NULL,NULL,NULL,NULL,NULL,NULL,NULL,NULL,NULL,NULL,NULL,NULL,NULL,23.87,23.93,23.83,33.0667,37,33,21,3845094
"D204045","Al Wakrah","2023-02-23 06:52:00+03",NULL,NULL,NULL,NULL,NULL,76.3176,77.3095,75.4784,0.5107,60,116.9785,119.1199,115.1524,1.0975,60,NULL,NULL,NULL,NULL,NULL,223.0834,226.6106,219.863,1.9712,60,NULL,NULL,NULL,NULL,NULL,NULL,NULL,NULL,NULL,NULL,NULL,NULL,NULL,NULL,NULL,0.4763,0.4773,0.4755,0.0005,60,0.517,0.5191,0.5152,0.0011,60,0.62,0.6235,0.6168,0.002,60,NULL,NULL,NULL,NULL,NULL,NULL,NULL,NULL,NULL,NULL,NULL,NULL,NULL,NULL,NULL,23.82,23.88,23.78,33.0667,37,33,21,3845090
"D204045","Al Wakrah","2023-02-23 06:51:00+03",NULL,NULL,NULL,NULL,NULL,74.8273,75.4784,74.2576,0.383,60,113.4688,115.4576,111.7954,0.9837,60,NULL,NULL,NULL,NULL,NULL,215.4208,219.5563,212.5019,2.0737,60,NULL,NULL,NULL,NULL,NULL,NULL,NULL,NULL,NULL,NULL,NULL,NULL,NULL,NULL,NULL,0.4748,0.4755,0.4743,0.0004,60,0.5135,0.5155,0.5118,0.001,60,0.6124,0.6165,0.6095,0.0021,60,NULL,NULL,NULL,NULL,NULL,NULL,NULL,NULL,NULL,NULL,NULL,NULL,NULL,NULL,NULL,23.77,23.83,23.73,33.1,37,33,21,3845086
"D204045","Al Wakrah","2023-02-23 06:50:00+03",NULL,NULL,NULL,NULL,NULL,73.5455,74.2576,72.7317,0.4116,60,110.3865,111.7954,109.0487,0.8523,60,NULL,NULL,NULL,NULL,NULL,210.0584,212.5019,207.9012,1.3552,60,NULL,NULL,NULL,NULL,NULL,NULL,NULL,NULL,NULL,NULL,NULL,NULL,NULL,NULL,NULL,0.4735,0.4743,0.4727,0.0004,60,0.5104,0.5118,0.509,0.0009,60,0.607,0.6095,0.6049,0.0013,60,NULL,NULL,NULL,NULL,NULL,NULL,NULL,NULL,NULL,NULL,NULL,NULL,NULL,NULL,NULL,23.73,23.78,23.68,33.1333,37,33,20.4,3845082
"D204045","Al Wakrah","2023-02-23 06:49:00+03",NULL,NULL,NULL,NULL,NULL,72.2078,73.0369,71.2058,0.4568,60,107.4669,109.0487,105.6917,0.9853,60,NULL,NULL,NULL,NULL,NULL,206.2092,208.208,203.3006,1.4742,60,NULL,NULL,NULL,NULL,NULL,NULL,NULL,NULL,NULL,NULL,NULL,NULL,NULL,NULL,NULL,0.4722,0.473,0.4712,0.0005,60,0.5075,0.509,0.5057,0.001,60,0.6032,0.6052,0.6003,0.0015,60,NULL,NULL,NULL,NULL,NULL,NULL,NULL,NULL,NULL,NULL,NULL,NULL,NULL,NULL,NULL,23.68,23.73,23.63,33.1,35,33,20,3845078
"D204045","Al Wakrah","2023-02-23 06:48:00+03",NULL,NULL,NULL,NULL,NULL,70.7328,71.511,69.985,0.4068,60,103.6826,105.6917,102.0295,1.1451,60,NULL,NULL,NULL,NULL,NULL,198.0865,203.3006,194.0992,2.7153,60,NULL,NULL,NULL,NULL,NULL,NULL,NULL,NULL,NULL,NULL,NULL,NULL,NULL,NULL,NULL,0.4707,0.4715,0.47,0.0004,60,0.5037,0.5057,0.502,0.0011,60,0.5951,0.6003,0.5911,0.0027,60,NULL,NULL,NULL,NULL,NULL,NULL,NULL,NULL,NULL,NULL,NULL,NULL,NULL,NULL,NULL,23.63,23.68,23.58,33.1333,37,33,20,3845074
"D204045","Al Wakrah","2023-02-23 06:47:00+03",NULL,NULL,NULL,NULL,NULL,69.4255,70.2902,68.4591,0.4173,60,100.4171,102.0295,98.3673,0.9701,60,NULL,NULL,NULL,NULL,NULL,190.5874,193.7925,187.0449,1.8293,60,NULL,NULL,NULL,NULL,NULL,NULL,NULL,NULL,NULL,NULL,NULL,NULL,NULL,NULL,NULL,0.4694,0.4703,0.4685,0.0004,60,0.5004,0.502,0.4984,0.001,60,0.5876,0.5908,0.5841,0.0018,60,NULL,NULL,NULL,NULL,NULL,NULL,NULL,NULL,NULL,NULL,NULL,NULL,NULL,NULL,NULL,23.58,23.63,23.53,33.1333,37,33,20,3845070
"D204045","Al Wakrah","2023-02-23 06:46:00+03",NULL,NULL,NULL,NULL,NULL,67.6606,68.7643,66.628,0.5842,60,96.6938,98.6724,95.0102,1.1287,60,NULL,NULL,NULL,NULL,NULL,183.1906,187.0449,179.0704,2.5533,60,NULL,NULL,NULL,NULL,NULL,NULL,NULL,NULL,NULL,NULL,NULL,NULL,NULL,NULL,NULL,0.4677,0.4688,0.4666,0.0006,60,0.4967,0.4987,0.495,0.0011,60,0.5803,0.5841,0.5762,0.0025,60,NULL,NULL,NULL,NULL,NULL,NULL,NULL,NULL,NULL,NULL,NULL,NULL,NULL,NULL,NULL,23.57,23.58,23.53,33.1333,37,33,20,3845066
"D204045","Al Wakrah","2023-02-23 06:45:00+03",NULL,NULL,NULL,NULL,NULL,66.1601,66.9332,65.4073,0.5225,60,93.1435,94.705,91.6532,0.9336,60,NULL,NULL,NULL,NULL,NULL,174.9349,178.457,172.0161,1.9913,60,NULL,NULL,NULL,NULL,NULL,NULL,NULL,NULL,NULL,NULL,NULL,NULL,NULL,NULL,NULL,0.4662,0.4669,0.4654,0.0005,60,0.4931,0.4947,0.4917,0.0009,60,0.5721,0.5756,0.5692,0.002,60,NULL,NULL,NULL,NULL,NULL,NULL,NULL,NULL,NULL,NULL,NULL,NULL,NULL,NULL,NULL,23.53,23.58,23.48,33.1333,37,33,20,3845062
"D204045","Al Wakrah","2023-02-23 06:44:00+03",NULL,NULL,NULL,NULL,NULL,64.6901,65.4073,64.1865,0.3634,60,90.229,91.6532,88.9065,0.8194,60,NULL,NULL,NULL,NULL,NULL,169.1074,171.7093,166.802,1.4709,60,NULL,NULL,NULL,NULL,NULL,NULL,NULL,NULL,NULL,NULL,NULL,NULL,NULL,NULL,NULL,0.4647,0.4654,0.4642,0.0004,60,0.4902,0.4917,0.4889,0.0008,60,0.5663,0.5689,0.564,0.0015,60,NULL,NULL,NULL,NULL,NULL,NULL,NULL,NULL,NULL,NULL,NULL,NULL,NULL,NULL,NULL,23.49,23.53,23.48,33.2,37,33,20,3845058
"D204045","Al Wakrah","2023-02-23 06:43:00+03",NULL,NULL,NULL,NULL,NULL,63.098,64.1865,62.3554,0.4508,60,87.0144,88.9065,84.9391,1.1022,60,NULL,NULL,NULL,NULL,NULL,162.2371,166.4953,155.7604,3.2228,60,NULL,NULL,NULL,NULL,NULL,NULL,NULL,NULL,NULL,NULL,NULL,NULL,NULL,NULL,NULL,0.4631,0.4642,0.4624,0.0005,60,0.487,0.4889,0.4849,0.0011,60,0.5594,0.5637,0.553,0.0032,60,NULL,NULL,NULL,NULL,NULL,NULL,NULL,NULL,NULL,NULL,NULL,NULL,NULL,NULL,NULL,23.46,23.48,23.43,33.2667,37,33,20,3845054
"D204045","Al Wakrah","2023-02-23 06:42:00+03",NULL,NULL,NULL,NULL,NULL,61.2262,62.3554,60.2191,0.5874,60,83.0622,84.9391,81.2769,1.0282,60,NULL,NULL,NULL,NULL,NULL,150.6076,156.0671,146.8657,2.7345,60,NULL,NULL,NULL,NULL,NULL,NULL,NULL,NULL,NULL,NULL,NULL,NULL,NULL,NULL,NULL,0.4612,0.4624,0.4602,0.0006,60,0.4831,0.4849,0.4813,0.001,60,0.5479,0.5533,0.5441,0.0027,60,NULL,NULL,NULL,NULL,NULL,NULL,NULL,NULL,NULL,NULL,NULL,NULL,NULL,NULL,NULL,23.43,23.48,23.38,33.2,37,33,20,3845050
"D204045","Al Wakrah","2023-02-23 06:41:00+03",NULL,NULL,NULL,NULL,NULL,59.4307,60.5243,58.388,0.5571,60,80.0816,81.2769,78.5302,0.8564,60,NULL,NULL,NULL,NULL,NULL,145.1891,147.1725,142.2651,1.4021,60,NULL,NULL,NULL,NULL,NULL,NULL,NULL,NULL,NULL,NULL,NULL,NULL,NULL,NULL,NULL,0.4594,0.4605,0.4584,0.0006,60,0.4801,0.4813,0.4785,0.0009,60,0.5425,0.5445,0.5396,0.0014,60,NULL,NULL,NULL,NULL,NULL,NULL,NULL,NULL,NULL,NULL,NULL,NULL,NULL,NULL,NULL,23.39,23.43,23.38,33.2333,37,33,20,3845046
"D204045","Al Wakrah","2023-02-23 06:40:00+03",NULL,NULL,NULL,NULL,NULL,57.7726,58.6932,57.1673,0.4297,60,76.9382,78.5302,75.4784,0.8957,60,NULL,NULL,NULL,NULL,NULL,138.3494,142.2651,134.2906,2.2996,60,NULL,NULL,NULL,NULL,NULL,NULL,NULL,NULL,NULL,NULL,NULL,NULL,NULL,NULL,NULL,0.4578,0.4587,0.4572,0.0004,60,0.4769,0.4785,0.4755,0.0009,60,0.5357,0.5396,0.5316,0.0023,60,NULL,NULL,NULL,NULL,NULL,NULL,NULL,NULL,NULL,NULL,NULL,NULL,NULL,NULL,NULL,23.37,23.38,23.33,33.1333,37,33,20,3845042
"D204045","Al Wakrah","2023-02-23 06:39:00+03",NULL,NULL,NULL,NULL,NULL,56.2161,56.8621,55.6413,0.4283,60,73.8406,75.4784,72.1213,0.8521,60,NULL,NULL,NULL,NULL,NULL,130.4414,134.2906,126.3161,2.2221,60,NULL,NULL,NULL,NULL,NULL,NULL,NULL,NULL,NULL,NULL,NULL,NULL,NULL,NULL,NULL,0.4562,0.4569,0.4556,0.0004,60,0.4738,0.4755,0.4721,0.0009,60,0.5278,0.5316,0.5237,0.0022,60,NULL,NULL,NULL,NULL,NULL,NULL,NULL,NULL,NULL,NULL,NULL,NULL,NULL,NULL,NULL,23.33,23.38,23.28,33.2667,37,33,20,3845038
"D204045","Al Wakrah","2023-02-23 06:38:00+03",NULL,NULL,NULL,NULL,NULL,54.7411,55.6413,53.8102,0.5518,60,70.5903,72.4265,69.0695,1.0594,60,NULL,NULL,NULL,NULL,NULL,122.3595,126.3161,118.0349,2.5252,60,NULL,NULL,NULL,NULL,NULL,NULL,NULL,NULL,NULL,NULL,NULL,NULL,NULL,NULL,NULL,0.4547,0.4556,0.4538,0.0006,60,0.4706,0.4724,0.4691,0.0011,60,0.5198,0.5237,0.5155,0.0025,60,NULL,NULL,NULL,NULL,NULL,NULL,NULL,NULL,NULL,NULL,NULL,NULL,NULL,NULL,NULL,23.3,23.33,23.28,33.4333,37,33,20,3845034
"D204045","Al Wakrah","2023-02-23 06:37:00+03",NULL,NULL,NULL,NULL,NULL,52.8133,53.8102,51.9791,0.5327,60,67.3299,68.7643,66.0176,0.7461,60,NULL,NULL,NULL,NULL,NULL,114.8707,118.3416,111.9007,2.0136,60,NULL,NULL,NULL,NULL,NULL,NULL,NULL,NULL,NULL,NULL,NULL,NULL,NULL,NULL,NULL,0.4528,0.4538,0.452,0.0005,60,0.4673,0.4688,0.466,0.0007,60,0.5123,0.5158,0.5094,0.002,60,NULL,NULL,NULL,NULL,NULL,NULL,NULL,NULL,NULL,NULL,NULL,NULL,NULL,NULL,NULL,23.27,23.28,23.23,33.2667,37,33,20,3845030
"D204045","Al Wakrah","2023-02-23 06:36:00+03",NULL,NULL,NULL,NULL,NULL,51.5671,52.2843,50.7584,0.3219,60,65.2598,66.3228,64.1865,0.5519,60,NULL,NULL,NULL,NULL,NULL,109.9224,111.9007,107.6067,1.272,60,NULL,NULL,NULL,NULL,NULL,NULL,NULL,NULL,NULL,NULL,NULL,NULL,NULL,NULL,NULL,0.4516,0.4523,0.4508,0.0003,60,0.4653,0.4663,0.4642,0.0006,60,0.5074,0.5094,0.5051,0.0013,60,NULL,NULL,NULL,NULL,NULL,NULL,NULL,NULL,NULL,NULL,NULL,NULL,NULL,NULL,NULL,23.26,23.28,23.23,33.3,39,33,20,3845026
"D204045","Al Wakrah","2023-02-23 06:35:00+03",NULL,NULL,NULL,NULL,NULL,50.2294,51.0636,49.5376,0.3805,60,62.9048,64.1865,61.4399,0.7492,60,NULL,NULL,NULL,NULL,NULL,104.5652,107.6067,101.4725,1.7,60,NULL,NULL,NULL,NULL,NULL,NULL,NULL,NULL,NULL,NULL,NULL,NULL,NULL,NULL,NULL,0.4502,0.4511,0.4495,0.0004,60,0.4629,0.4642,0.4614,0.0007,60,0.5021,0.5051,0.499,0.0017,60,NULL,NULL,NULL,NULL,NULL,NULL,NULL,NULL,NULL,NULL,NULL,NULL,NULL,NULL,NULL,23.23,23.28,23.18,33.4333,35,33,20,3845022
"D204045","Al Wakrah","2023-02-23 06:34:00+03",NULL,NULL,NULL,NULL,NULL,48.7391,49.8428,47.7065,0.6359,60,60.2954,61.745,58.6932,0.9726,60,NULL,NULL,NULL,NULL,NULL,97.7153,101.4725,93.8047,2.2222,60,NULL,NULL,NULL,NULL,NULL,NULL,NULL,NULL,NULL,NULL,NULL,NULL,NULL,NULL,NULL,0.4487,0.4498,0.4477,0.0006,60,0.4603,0.4617,0.4587,0.001,60,0.4952,0.499,0.4913,0.0022,60,NULL,NULL,NULL,NULL,NULL,NULL,NULL,NULL,NULL,NULL,NULL,NULL,NULL,NULL,NULL,23.22,23.23,23.18,33.2667,39,33,20,3845018
"D204045","Al Wakrah","2023-02-23 06:33:00+03",NULL,NULL,NULL,NULL,NULL,46.6435,47.7065,45.8754,0.6244,60,57.1622,58.6932,55.6413,0.875,60,NULL,NULL,NULL,NULL,NULL,91.0188,93.8047,88.5907,1.4847,60,NULL,NULL,NULL,NULL,NULL,NULL,NULL,NULL,NULL,NULL,NULL,NULL,NULL,NULL,NULL,0.4466,0.4477,0.4459,0.0006,60,0.4572,0.4587,0.4556,0.0009,60,0.4886,0.4913,0.4862,0.0015,60,NULL,NULL,NULL,NULL,NULL,NULL,NULL,NULL,NULL,NULL,NULL,NULL,NULL,NULL,NULL,23.19,23.23,23.18,33.4667,37,33,20,3845014
"D204045","Al Wakrah","2023-02-23 06:32:00+03",NULL,NULL,NULL,NULL,NULL,44.792,45.8754,43.7391,0.5742,60,54.8326,55.9465,53.505,0.7301,60,NULL,NULL,NULL,NULL,NULL,86.7351,88.8974,83.6833,1.3475,60,NULL,NULL,NULL,NULL,NULL,NULL,NULL,NULL,NULL,NULL,NULL,NULL,NULL,NULL,NULL,0.4448,0.4459,0.4437,0.0006,60,0.4548,0.4559,0.4535,0.0007,60,0.4843,0.4865,0.4813,0.0013,60,NULL,NULL,NULL,NULL,NULL,NULL,NULL,NULL,NULL,NULL,NULL,NULL,NULL,NULL,NULL,23.17,23.18,23.13,33.3667,39,33,20,3845010
"D204045","Al Wakrah","2023-02-23 06:31:00+03",NULL,NULL,NULL,NULL,NULL,43.0525,44.0443,42.2132,0.5138,60,52.0707,53.505,50.7584,0.8071,60,NULL,NULL,NULL,NULL,NULL,80.2021,83.3766,77.5491,1.7071,60,NULL,NULL,NULL,NULL,NULL,NULL,NULL,NULL,NULL,NULL,NULL,NULL,NULL,NULL,NULL,0.4431,0.444,0.4422,0.0005,60,0.4521,0.4535,0.4508,0.0008,60,0.4778,0.481,0.4752,0.0017,60,NULL,NULL,NULL,NULL,NULL,NULL,NULL,NULL,NULL,NULL,NULL,NULL,NULL,NULL,NULL,23.15,23.18,23.13,33.4333,35,33,20,3845006
"D204045","Al Wakrah","2023-02-23 06:30:00+03",NULL,NULL,NULL,NULL,NULL,41.3333,42.2132,40.3821,0.5183,60,49.5427,51.0636,48.3169,0.8287,60,NULL,NULL,NULL,NULL,NULL,75.1005,77.5491,72.335,1.6106,60,NULL,NULL,NULL,NULL,NULL,NULL,NULL,NULL,NULL,NULL,NULL,NULL,NULL,NULL,NULL,0.4413,0.4422,0.4404,0.0005,60,0.4495,0.4511,0.4483,0.0008,60,0.4727,0.4752,0.47,0.0016,60,NULL,NULL,NULL,NULL,NULL,NULL,NULL,NULL,NULL,NULL,NULL,NULL,NULL,NULL,NULL,23.09,23.13,23.03,33.7333,39,31,20,3845003
"D204045","Al Wakrah","2023-02-23 06:29:00+03",NULL,NULL,NULL,NULL,NULL,39.6649,40.3821,38.8562,0.4762,60,46.9334,48.3169,45.5702,0.7293,60,NULL,NULL,NULL,NULL,NULL,69.1861,72.335,65.5873,2.0778,60,NULL,NULL,NULL,NULL,NULL,NULL,NULL,NULL,NULL,NULL,NULL,NULL,NULL,NULL,NULL,0.4397,0.4404,0.4389,0.0005,60,0.4469,0.4483,0.4456,0.0007,60,0.4669,0.47,0.4633,0.0021,60,NULL,NULL,NULL,NULL,NULL,NULL,NULL,NULL,NULL,NULL,NULL,NULL,NULL,NULL,NULL,23.05,23.08,23.03,33.8667,35,33,20,3844999
"D204045","Al Wakrah","2023-02-23 06:28:00+03",NULL,NULL,NULL,NULL,NULL,38.0779,39.1613,37.3302,0.4912,60,44.5479,45.5702,43.1288,0.7059,60,NULL,NULL,NULL,NULL,NULL,61.9579,65.2806,59.1464,1.8151,60,NULL,NULL,NULL,NULL,NULL,NULL,NULL,NULL,NULL,NULL,NULL,NULL,NULL,NULL,NULL,0.4381,0.4392,0.4373,0.0005,60,0.4445,0.4456,0.4431,0.0007,60,0.4597,0.463,0.4569,0.0018,60,NULL,NULL,NULL,NULL,NULL,NULL,NULL,NULL,NULL,NULL,NULL,NULL,NULL,NULL,NULL,23.03,23.08,22.98,33.8,39,33,20,3844995
"D204045","Al Wakrah","2023-02-23 06:27:00+03",NULL,NULL,NULL,NULL,NULL,36.2875,37.3302,35.4991,0.4876,60,42.2386,43.4339,40.9925,0.6536,60,NULL,NULL,NULL,NULL,NULL,57.0301,59.1464,54.5457,1.2458,60,NULL,NULL,NULL,NULL,NULL,NULL,NULL,NULL,NULL,NULL,NULL,NULL,NULL,NULL,NULL,0.4363,0.4373,0.4355,0.0005,60,0.4422,0.4434,0.441,0.0007,60,0.4548,0.4569,0.4523,0.0012,60,NULL,NULL,NULL,NULL,NULL,NULL,NULL,NULL,NULL,NULL,NULL,NULL,NULL,NULL,NULL,22.99,23.03,22.98,34.5,39,33,20,3844991
"D204045","Al Wakrah","2023-02-23 06:26:00+03",NULL,NULL,NULL,NULL,NULL,34.9803,35.4991,34.2784,0.3985,60,40.1786,41.2976,38.8562,0.5938,60,NULL,NULL,NULL,NULL,NULL,52.0051,54.5457,49.3316,1.5963,60,NULL,NULL,NULL,NULL,NULL,NULL,NULL,NULL,NULL,NULL,NULL,NULL,NULL,NULL,NULL,0.435,0.4355,0.4343,0.0004,60,0.4402,0.4413,0.4389,0.0006,60,0.4498,0.4523,0.4471,0.0016,60,NULL,NULL,NULL,NULL,NULL,NULL,NULL,NULL,NULL,NULL,NULL,NULL,NULL,NULL,NULL,22.98,23.03,22.93,34.3333,39,33,20,3844987
"D204045","Al Wakrah","2023-02-23 06:25:00+03",NULL,NULL,NULL,NULL,NULL,33.5968,34.5836,32.4473,0.5312,60,38.3221,39.1613,36.7199,0.572,60,NULL,NULL,NULL,NULL,NULL,47.0569,49.6384,44.4243,1.4837,60,NULL,NULL,NULL,NULL,NULL,NULL,NULL,NULL,NULL,NULL,NULL,NULL,NULL,NULL,NULL,0.4336,0.4346,0.4324,0.0005,60,0.4383,0.4392,0.4367,0.0006,60,0.4448,0.4474,0.4422,0.0015,60,NULL,NULL,NULL,NULL,NULL,NULL,NULL,NULL,NULL,NULL,NULL,NULL,NULL,NULL,NULL,22.97,23.03,22.93,34.4667,35,33,20,3844983
"D204045","Al Wakrah","2023-02-23 06:24:00+03",NULL,NULL,NULL,NULL,NULL,31.725,32.4473,30.9213,0.3892,60,35.8806,36.7199,34.8888,0.4621,60,NULL,NULL,NULL,NULL,NULL,41.623,44.1176,38.9035,1.5052,60,NULL,NULL,NULL,NULL,NULL,NULL,NULL,NULL,NULL,NULL,NULL,NULL,NULL,NULL,NULL,0.4317,0.4324,0.4309,0.0004,60,0.4359,0.4367,0.4349,0.0005,60,0.4394,0.4419,0.4367,0.0015,60,NULL,NULL,NULL,NULL,NULL,NULL,NULL,NULL,NULL,NULL,NULL,NULL,NULL,NULL,NULL,22.94,22.98,22.93,34.3667,39,33,20,3844979
"D204045","Al Wakrah","2023-02-23 06:23:00+03",NULL,NULL,NULL,NULL,NULL,30.1177,30.9213,29.0902,0.524,60,33.6375,34.8888,32.1421,0.7678,60,NULL,NULL,NULL,NULL,NULL,36.4958,39.8236,33.6894,1.6129,60,NULL,NULL,NULL,NULL,NULL,NULL,NULL,NULL,NULL,NULL,NULL,NULL,NULL,NULL,NULL,0.4301,0.4309,0.4291,0.0005,60,0.4336,0.4349,0.4321,0.0008,60,0.4343,0.4376,0.4315,0.0016,60,NULL,NULL,NULL,NULL,NULL,NULL,NULL,NULL,NULL,NULL,NULL,NULL,NULL,NULL,NULL,22.93,22.98,22.88,34.5,35,33,20,3844975
"D204045","Al Wakrah","2023-02-23 06:22:00+03",NULL,NULL,NULL,NULL,NULL,28.0323,29.0902,27.2591,0.5285,60,31.0841,32.4473,30.0058,0.6588,60,NULL,NULL,NULL,NULL,NULL,31.1437,33.6894,28.782,1.4954,60,NULL,NULL,NULL,NULL,NULL,NULL,NULL,NULL,NULL,NULL,NULL,NULL,NULL,NULL,NULL,0.428,0.4291,0.4273,0.0005,60,0.4311,0.4324,0.43,0.0007,60,0.429,0.4315,0.4266,0.0015,60,NULL,NULL,NULL,NULL,NULL,NULL,NULL,NULL,NULL,NULL,NULL,NULL,NULL,NULL,NULL,22.91,22.93,22.88,34.6333,39,33,20,3844971
"D204045","Al Wakrah","2023-02-23 06:21:00+03",NULL,NULL,NULL,NULL,NULL,26.5369,27.5643,25.7332,0.4529,60,29.1462,30.0058,28.1747,0.5491,60,NULL,NULL,NULL,NULL,NULL,26.5941,29.0887,24.4881,1.3165,60,NULL,NULL,NULL,NULL,NULL,NULL,NULL,NULL,NULL,NULL,NULL,NULL,NULL,NULL,NULL,0.4265,0.4276,0.4257,0.0005,60,0.4291,0.43,0.4282,0.0005,60,0.4245,0.427,0.4224,0.0013,60,NULL,NULL,NULL,NULL,NULL,NULL,NULL,NULL,NULL,NULL,NULL,NULL,NULL,NULL,NULL,22.89,22.93,22.88,34.6333,35,33,20,3844967
"D204045","Al Wakrah","2023-02-23 06:20:00+03",NULL,NULL,NULL,NULL,NULL,24.9194,26.0384,23.5969,0.6569,60,27.1421,28.4799,26.0384,0.7477,60,NULL,NULL,NULL,NULL,NULL,22.612,24.7948,20.8075,1.1711,60,NULL,NULL,NULL,NULL,NULL,NULL,NULL,NULL,NULL,NULL,NULL,NULL,NULL,NULL,NULL,0.4249,0.426,0.4236,0.0007,60,0.4271,0.4285,0.426,0.0007,60,0.4205,0.4227,0.4187,0.0012,60,NULL,NULL,NULL,NULL,NULL,NULL,NULL,NULL,NULL,NULL,NULL,NULL,NULL,NULL,NULL,22.87,22.88,22.83,34.5333,39,33,20,3844963
